Name,Points,User ID
test1,5250,test@email.com
test2,5251,test@email.com
test3,5252,test@email.com
test4,5253,test@email.com
test5,5254,test@email.com
test6,5255,test@email.com
test7,5256,test@email.com
test8,5257,test@email.com
test9,5258,test@email.com
test10,5259,test@email.com
test11,5260,test@email.com
test12,5261,test@email.com
test13,5262,test@email.com
test14,5263,test@email.com
test15,5264,test@email.com
test16,5265,test@email.com
test17,5266,test@email.com
test18,5267,test@email.com
test19,5268,test@email.com
test20,5269,test@email.com
test21,5270,test@email.com
test22,5271,test@email.com
test23,5272,test@email.com
test24,5273,test@email.com
test25,5274,test@email.com
test26,5275,test@email.com
test27,5276,test@email.com
test28,5277,test@email.com
test29,5278,test@email.com
test30,5279,test@email.com
test31,5280,test@email.com
test32,5281,test@email.com
test33,5282,test@email.com
test34,5283,test@email.com
test35,5284,test@email.com
test36,5285,test@email.com
test37,5286,test@email.com
test38,5287,test@email.com
test39,5288,test@email.com
test40,5289,test@email.com
test41,5290,test@email.com
test42,5291,test@email.com
test43,5292,test@email.com
test44,5293,test@email.com
test45,5294,test@email.com
test46,5295,test@email.com
test47,5296,test@email.com
test48,5297,test@email.com
test49,5298,test@email.com
test50,5299,test@email.com
test51,5300,test@email.com
test52,5301,test@email.com
test53,5302,test@email.com
test54,5303,test@email.com
test55,5304,test@email.com
test56,5305,test@email.com
test57,5306,test@email.com
test58,5307,test@email.com
test59,5308,test@email.com
test60,5309,test@email.com
test61,5310,test@email.com
test62,5311,test@email.com
test63,5312,test@email.com
test64,5313,test@email.com
test65,5314,test@email.com
test66,5315,test@email.com
test67,5316,test@email.com
test68,5317,test@email.com
test69,5318,test@email.com
test70,5319,test@email.com
test71,5320,test@email.com
test72,5321,test@email.com
test73,5322,test@email.com
test74,5323,test@email.com
test75,5324,test@email.com
test76,5325,test@email.com
test77,5326,test@email.com
test78,5327,test@email.com
test79,5328,test@email.com
test80,5329,test@email.com
test81,5330,test@email.com
test82,5331,test@email.com
test83,5332,test@email.com
test84,5333,test@email.com
test85,5334,test@email.com
test86,5335,test@email.com
test87,5336,test@email.com
test88,5337,test@email.com
test89,5338,test@email.com
test90,5339,test@email.com
test91,5340,test@email.com
test92,5341,test@email.com
test93,5342,test@email.com
test94,5343,test@email.com
test95,5344,test@email.com
test96,5345,test@email.com
test97,5346,test@email.com
test98,5347,test@email.com
test99,5348,test@email.com
test100,5349,test@email.com
test101,5350,test@email.com
test102,5351,test@email.com
test103,5352,test@email.com
test104,5353,test@email.com
test105,5354,test@email.com
test106,5355,test@email.com
test107,5356,test@email.com
test108,5357,test@email.com
test109,5358,test@email.com
test110,5359,test@email.com
test111,5360,test@email.com
test112,5361,test@email.com
test113,5362,test@email.com
test114,5363,test@email.com
test115,5364,test@email.com
test116,5365,test@email.com
test117,5366,test@email.com
test118,5367,test@email.com
test119,5368,test@email.com
test120,5369,test@email.com
test121,5370,test@email.com
test122,5371,test@email.com
test123,5372,test@email.com
test124,5373,test@email.com
test125,5374,test@email.com
test126,5375,test@email.com
test127,5376,test@email.com
test128,5377,test@email.com
test129,5378,test@email.com
test130,5379,test@email.com
test131,5380,test@email.com
test132,5381,test@email.com
test133,5382,test@email.com
test134,5383,test@email.com
test135,5384,test@email.com
test136,5385,test@email.com
test137,5386,test@email.com
test138,5387,test@email.com
test139,5388,test@email.com
test140,5389,test@email.com
test141,5390,test@email.com
test142,5391,test@email.com
test143,5392,test@email.com
test144,5393,test@email.com
test145,5394,test@email.com
test146,5395,test@email.com
test147,5396,test@email.com
test148,5397,test@email.com
test149,5398,test@email.com
test150,5399,test@email.com
test151,5400,test@email.com
test152,5401,test@email.com
test153,5402,test@email.com
test154,5403,test@email.com
test155,5404,test@email.com
test156,5405,test@email.com
test157,5406,test@email.com
test158,5407,test@email.com
test159,5408,test@email.com
test160,5409,test@email.com
test161,5410,test@email.com
test162,5411,test@email.com
test163,5412,test@email.com
test164,5413,test@email.com
test165,5414,test@email.com
test166,5415,test@email.com
test167,5416,test@email.com
test168,5417,test@email.com
test169,5418,test@email.com
test170,5419,test@email.com
test171,5420,test@email.com
test172,5421,test@email.com
test173,5422,test@email.com
test174,5423,test@email.com
test175,5424,test@email.com
test176,5425,test@email.com
test177,5426,test@email.com
test178,5427,test@email.com
test179,5428,test@email.com
test180,5429,test@email.com
test181,5430,test@email.com
test182,5431,test@email.com
test183,5432,test@email.com
test184,5433,test@email.com
test185,5434,test@email.com
test186,5435,test@email.com
test187,5436,test@email.com
test188,5437,test@email.com
test189,5438,test@email.com
test190,5439,test@email.com
test191,5440,test@email.com
test192,5441,test@email.com
test193,5442,test@email.com
test194,5443,test@email.com
test195,5444,test@email.com
test196,5445,test@email.com
test197,5446,test@email.com
test198,5447,test@email.com
test199,5448,test@email.com
test200,5449,test@email.com
test201,5450,test@email.com
test202,5451,test@email.com
test203,5452,test@email.com
test204,5453,test@email.com
test205,5454,test@email.com
test206,5455,test@email.com
test207,5456,test@email.com
test208,5457,test@email.com
test209,5458,test@email.com
test210,5459,test@email.com
test211,5460,test@email.com
test212,5461,test@email.com
test213,5462,test@email.com
test214,5463,test@email.com
test215,5464,test@email.com
test216,5465,test@email.com
test217,5466,test@email.com
test218,5467,test@email.com
test219,5468,test@email.com
test220,5469,test@email.com
test221,5470,test@email.com
test222,5471,test@email.com
test223,5472,test@email.com
test224,5473,test@email.com
test225,5474,test@email.com
test226,5475,test@email.com
test227,5476,test@email.com
test228,5477,test@email.com
test229,5478,test@email.com
test230,5479,test@email.com
test231,5480,test@email.com
test232,5481,test@email.com
test233,5482,test@email.com
test234,5483,test@email.com
test235,5484,test@email.com
test236,5485,test@email.com
test237,5486,test@email.com
test238,5487,test@email.com
test239,5488,test@email.com
test240,5489,test@email.com
test241,5490,test@email.com
test242,5491,test@email.com
test243,5492,test@email.com
test244,5493,test@email.com
test245,5494,test@email.com
test246,5495,test@email.com
test247,5496,test@email.com
test248,5497,test@email.com
test249,5498,test@email.com
test250,5499,test@email.com
test251,5500,test@email.com
test252,5501,test@email.com
test253,5502,test@email.com
test254,5503,test@email.com
test255,5504,test@email.com
test256,5505,test@email.com
test257,5506,test@email.com
test258,5507,test@email.com
test259,5508,test@email.com
test260,5509,test@email.com
test261,5510,test@email.com
test262,5511,test@email.com
test263,5512,test@email.com
test264,5513,test@email.com
test265,5514,test@email.com
test266,5515,test@email.com
test267,5516,test@email.com
test268,5517,test@email.com
test269,5518,test@email.com
test270,5519,test@email.com
test271,5520,test@email.com
test272,5521,test@email.com
test273,5522,test@email.com
test274,5523,test@email.com
test275,5524,test@email.com
test276,5525,test@email.com
test277,5526,test@email.com
test278,5527,test@email.com
test279,5528,test@email.com
test280,5529,test@email.com
test281,5530,test@email.com
test282,5531,test@email.com
test283,5532,test@email.com
test284,5533,test@email.com
test285,5534,test@email.com
test286,5535,test@email.com
test287,5536,test@email.com
test288,5537,test@email.com
test289,5538,test@email.com
test290,5539,test@email.com
test291,5540,test@email.com
test292,5541,test@email.com
test293,5542,test@email.com
test294,5543,test@email.com
test295,5544,test@email.com
test296,5545,test@email.com
test297,5546,test@email.com
test298,5547,test@email.com
test299,5548,test@email.com
test300,5549,test@email.com
test301,5550,test@email.com
test302,5551,test@email.com
test303,5552,test@email.com
test304,5553,test@email.com
test305,5554,test@email.com
test306,5555,test@email.com
test307,5556,test@email.com
test308,5557,test@email.com
test309,5558,test@email.com
test310,5559,test@email.com
test311,5560,test@email.com
test312,5561,test@email.com
test313,5562,test@email.com
test314,5563,test@email.com
test315,5564,test@email.com
test316,5565,test@email.com
test317,5566,test@email.com
test318,5567,test@email.com
test319,5568,test@email.com
test320,5569,test@email.com
test321,5570,test@email.com
test322,5571,test@email.com
test323,5572,test@email.com
test324,5573,test@email.com
